tag,U9913,U3988
ELVSSC_1076.5276,0,1
HELPVL_1073.5972,0,1
LAQDL_898.4856,0,1
CLTTDAN_1206.5520,0,1
QMYLS_1359.5894,0,1
ELVSSCGVR_1076.5276,0,1
CEALK_1037.4137,0,1
CQEYLK_910.4212,0,1
LLSCGPASS_1174.5744,0,1
DLVSS_1106.5368,0,1
FQYLE_1171.5308,0,1
LEQLA_1012.5648,0,1
WLEDCT_1208.5334,0,1
EQQQSQGQLQGQDVFEA_2534.2090,0,1
ALQESNQGAFAS_2258.1602,0,1
LQESNQGAFASP_2258.1602,0,1
AEDQLQQGQLHGEE_2229.0254,0,1
TDANQLWTLK_1389.6854,0,1
DPSVLTLEN_1727.8438,0,1
DPSVLTLE_1727.8438,0,1
QQVSGQGPR_955.4818,0,1
QVSGQ_955.4810,0,1
SHLTT_1041.5182,0,1
QCHQEF_1289.5516,0,1
CSAELEK_922.4044,0,1
SAELE_922.4040,0,1
SSCER_808.3370,0,1
DCQCEALK_1022.4115,0,1
QEYLK_910.4208,0,1
QEYLK_910.4192,0,1
HQLQECCNELK_1343.5931,0,1
APSAACCN_1390.6033,0,1
LQECC_1343.5926,0,1
ECQCEALK_1037.4141,0,1
TQMGDY_1125.4812,0,1
LQEQQNLR_1212.6184,0,1
LLSCGPASS_1174.5742,0,1
ECQCEALK_1037.4124,0,1
TNTGT_1302.6864,0,1
QMYLSQSSS_1359.5873,0,1
LLNQAAPSCP_1197.6136,0,1
LAQDLPS_898.4862,0,1
TCGLTLKP_1117.6120,0,1
QEYLK_910.4205,0,1
HQLQECCNELK_1343.5921,0,1
YPETTQ_1255.5316,0,1
AEDQLR_930.4752,0,1
LLSCGPAS_1174.5742,0,1
ELVSSC_1076.5268,0,1
ASELVSSCGVR_1106.5350,0,1
LVSSC_1076.5248,0,1
LVSSCGVR_1076.5253,0,1
LAQDLPS_898.4864,0,1
QNLWR_843.4340,0,1
AEDQLR_930.4758,0,1
LLSCGPASS_1174.5732,0,1
LLSCGPAS_1174.5732,0,1
LPNLQAQC_1100.5620,0,1
ELVSSCGVR_1076.5268,0,1
ELVSSC_1106.5350,0,1
QMYLSQSS_1359.5894,0,1
YQEVMQK_1181.5342,0,1
QQCCNQVEQVR_1574.7255,0,1
EVTGWGP_900.4442,0,1
HELPVL_1073.5958,0,1
QQCCNQVEQ_1574.7255,0,1
LPNLQA_1100.5620,0,1
LQEQQNLR_1212.6200,0,1
QMYLSQSSS_1359.5886,0,1
YQEVM_1181.5376,0,1
VVPVS_811.5164,0,1
HELPVL_1073.5980,0,1
CLTSD_1236.5400,0,1
LCVDV_874.4330,0,1
GLCVDV_874.4330,0,1
QMYLSQSS_1359.5938,0,1
CLTSD_1236.5390,0,1
TPCYVHF_1136.5073,0,1
YQEVM_1181.5366,0,1
CLTTDAN_1206.5554,0,1
TPCYVH_1136.5072,0,1
VGLPLNQR_895.5240,0,1
ASDLVSSCGLR_1106.5392,0,1
SGADYSSVL_1096.5386,0,1
SAPVAAAA_1519.8372,0,1
APVAAAA_1519.8372,0,1
EYCCT_2096.8201,0,1
DYSSVL_1096.5408,0,1
LPSAC_888.4740,0,1
VGLPLSQR_868.5126,0,1
LEQLA_1012.5660,0,1
CLTTDANLK_1206.5553,0,1
HELPVL_1073.5978,0,1
AEDQLQQGQLHGEE_2229.0284,0,1
EDQLQQGQLHGEE_2229.0284,0,1
CLTTDANLK_1206.5550,0,1
QLHGEE_2229.0280,0,1
DLVSS_1106.5392,0,1
QEAVNTA_1730.7904,0,1
LEQLG_884.5074,0,1
QVHLTQ_1988.9338,0,1
ENLLST_1160.5911,0,1
LSLPSAC_888.4740,0,1
LSLSTN_1192.6124,0,1
VAGLGLSH_1595.8170,0,1
AEDQLQQGQLHGEE_2229.0364,0,1
LVEEVL_899.5326,0,1
LEQLG_884.5080,0,1
QLHGEE_2229.0316,0,1
AEDQLQQGQLHGEESER_2229.0288,0,1
WSPSENC_1248.5554,0,1
LHGEE_2229.0316,0,1
AEYQLQQGHLQ_2201.0342,0,1
LCVDV_875.4166,0,1
FQQNTAYL_1400.6388,0,1
AEDQLQQGQLHGEE_2229.0288,0,1
CPAPGEP_1140.5628,0,1
ELVSSC_1076.5284,0,1
QEYLTQQY_1742.8012,0,1
AEYQLQQGHLQGEE_2201.0342,0,1
CLTTDANLK_1206.5540,0,1
CLTTDAN_1206.5540,0,1
VYNELVR_1077.5450,0,1
LAEDQLQQGQLHGEE_2229.0288,0,1
HPDQPTLQALK_1522.8130,0,1
PSSCGL_1616.7651,0,1
LCVDVR_875.4172,0,1
ELVSS_1076.5284,0,1
AEYQLQQGHLQGEESER_2201.0342,0,1
QLHGEE_2229.0289,0,1
VWLEDCTSEK_1208.5374,0,1
LEDCTSE_1208.5380,0,1
ANQPVSVALEA_1537.8202,0,1
SSCEQYLR_1212.5444,0,1
AHDCAMYTFTPK_1597.6900,0,1
FQYLE_1171.5340,0,1
SCEQY_1212.5432,0,1
SYNAF_1427.6796,0,1
AEYQLQQGHLQGEESE_2201.0342,0,1
AEDQLQQ_2229.0289,0,1
YNYGQ_2086.0336,0,1
HNYNYGQA_2086.0336,0,1
YVDALVL_919.5372,0,1
LVQSP_1302.7284,0,1
LQETTQLVDE_1472.7470,0,1
YLSPC_1398.6606,0,1
ELVSS_1076.5282,0,1
AQCLCEAF_1227.5253,0,1
PSSCGL_1616.7669,0,1
YTATL_1335.6668,0,1
MMSGYYLAA_1161.5318,0,1
CLCEAF_1227.5238,0,1
MMSGYY_1161.5318,0,1
QVVLYNC_2138.0438,0,1
TAFCHPV_1979.8761,0,1
CGVSPTE_1735.7679,0,1
YGAVNDVSGLQAK_1520.7822,0,1
CEALQVAV_1563.6903,0,1
LAEDQLQQGQLHGEESE_2229.0288,0,1
QCEALQVAVEK_1563.6901,0,1
LTVAEFTDR_1050.5338,0,1
FQYLE_1171.5328,0,1
LPAAQFNDLPACK_1386.6942,0,1
MCGVSPTE_1735.7679,0,1
DMLCLC_1010.4599,0,1
CTAVNQEL_1317.6348,0,1
LHGEE_2229.0289,0,1
SSCEQYLR_1212.5472,0,1
CEALQVAVEK_1563.6908,0,1
CSYTVWAAAS_1481.6710,0,1
NLPSMC_1735.7701,0,1
YTVWAAAS_1495.6870,0,1
FQYLE_1171.5324,0,1
ALQLWPCK_1526.7448,0,1
TGDSVASF_1324.6234,0,1
EDQLQQ_2229.0282,0,1
DQLQQ_2229.0282,0,1
CEALQVAVE_1563.6901,0,1
VGELLSR_942.5496,0,1
YTVWAA_1495.6874,0,1
AEYQL_2201.0392,0,1
VLDEL_1028.5862,1,0
LVNSA_1305.7030,0,1
FLVNSA_1305.7030,0,1
YFYQD_1523.7430,0,1
LAGDEY_1595.7562,0,1
TWTFNVAQ_1436.7040,0,1
WTFNVAQ_1436.7051,0,1
LLWYK_1060.5711,0,1
LPSMC_1735.7681,0,1
SNNFATL_1222.6126,0,1
VAVEK_1563.6901,0,1
PYSLW_1150.5404,0,1
TPEFLGL_1018.5336,0,1
LSMAYD_1370.6412,0,1
VYLTV_1973.9774,0,1
YLTVG_1973.9774,0,1
LSMAYDA_1370.6412,0,1
VSTALDTTLL_1217.6858,0,1
LDTTL_1217.6841,0,1
YVLTPLK_963.5454,0,1
LQLPALT_1070.6334,0,1
AWQEV_1369.6902,0,1
QCEALQVAVEK_1563.6895,0,1
ADVLDC_1747.8126,0,1
YEAYDGT_2353.0064,0,1
TDANQLWTLK_1389.6874,0,1
YLAEDQLQQGQLHGEESER_2229.0296,0,1
ELVSS_1076.5278,0,1
TGDFFPYADR_1187.5248,0,1
TSLQLPALT_1070.6334,0,1
ATLQALNSGEC_1936.9296,0,1
MAVVLWNR_987.5320,0,1
TLQYVTQVE_1636.8052,0,1
LQYVTQVEQ_1636.8052,0,1
ELVSSC_1076.5286,0,1
TDANQLWTLK_1389.6886,0,1
LAEDQLQQGQLHGEESER_2229.0300,0,1
NLPSMC_1735.7681,0,1
YYPLCCDHLEQMT_2334.9187,0,1
WQLWD_1016.4830,0,1
SLFLD_1500.7170,0,1
LFLDN_1500.7170,0,1
LLFDVPN_1059.5710,0,1
AMEELL_1094.5674,0,1
YTFAF_1309.5722,0,1
AMEELLY_1094.5674,0,1
LPYGGSYQALYNA_1786.8630,0,1
HHDAVT_2821.2913,0,1
YPLCCDHLEQMT_2334.9163,0,1
VAMEELLY_1094.5674,0,1
SLGLLSR_944.5656,0,1
LWTLK_1389.6960,0,1
YLAEDQLQQGQLHGEESER_2229.0310,0,1
YTFAFG_1309.5710,0,1
LWSDY_1239.5776,0,1
THLDDELYNQLVEK_1715.8346,0,1
FAYAWV_1268.6294,0,1
YPLCCDHLEQMT_2334.9194,0,1
FYNQEDTVTNQ_1840.8950,0,1
WNCDFSQTATLT_1811.8156,0,1
PGFGTT_1439.6682,0,1
NEVELTQLD_1711.8988,0,1
NEVELTQLDG_1711.8988,0,1
AEDQLQQGQLHGEESER_2229.0304,0,1
ELVSS_1076.5286,0,1
YTFAFG_1309.5720,0,1
ADASAATNWVR_1388.6666,0,1
YPLCCDHLEQMT_2334.9185,0,1
YPLCCDHLEQMT_2334.9193,0,1
LAEDQLQQGQLHGEESER_2229.0270,0,1
LVMPV_1505.7257,0,1
LQESN_2258.1624,0,1
YPLCCDHLEQMT_2334.9189,0,1
LVMPVP_1505.7257,0,1
LHGEE_2229.0280,0,1
ALQESNQGAFAS_2258.1642,0,1
LEQQQSQGQLQGQDVFEA_2534.2212,0,1
DPSVLTLE_1727.8484,0,1
AEDQLQQGQLHGEE_2229.0270,0,1
YYPLCCDHLEQMT_2334.9164,0,1
NMFDAQVD_1558.6920,0,1
DQCSNG_1921.8840,0,1
LDLDE_1921.8840,0,1
LDLDE_1921.8827,0,1
LQESNQ_2258.1642,0,1
DPSVLTLE_1727.8470,0,1
LQESNQGAFAS_2258.1642,0,1
FQYAETWFR_1246.5772,0,1
NPTSGLVLAATSGN_2001.0716,0,1
LSWVTPDE_1684.8652,0,1
AEDQLQQGQLHGEE_2229.0312,0,1
EMLLNPAT_1906.8944,0,1
WCSPK_1906.8944,0,1
LVVQLA_1267.7308,0,1
ADTGM_1593.7488,0,1
LDLDE_1921.9006,0,1
FMEDVPTF_1243.5618,0,1
SACLMYVAASS_1485.6937,0,1
ATWDADKPLA_1978.9340,0,1
ALQESNQGAFAS_2258.1638,0,1
LNPTSGLVLAATSGN_2001.0716,0,1
LLALA_1242.7120,0,1
PSVLTLENSW_1727.8483,0,1
DPSVLTLENSW_1727.8458,0,1
VDLPLT_1352.7916,0,1
LQESN_2258.1632,0,1
GAFAS_2258.1632,0,1
LEQQQSQGQLQGQDVFEA_2534.2142,0,1
LQESNQGAFAS_2258.1650,0,1
QQSQGQLQGQDVFEA_2534.2142,0,1
ELVSS_1076.5292,0,1
EDQLQQGQLHGEE_2229.0254,0,1
YAVLLGD_1104.6184,0,1
YAVLL_1104.6194,0,1
DPSVLTLEN_1727.8458,0,1
PDPSVLTLE_1727.8458,0,1
DPSVLTLENS_1727.8458,0,1
GDLSDNWE_1710.7484,0,1
GAFAS_2259.1676,0,1
EQQQSQ_2534.2142,0,1
QLQGQDVFEA_2534.2142,0,1
ELVSSC_1076.5292,0,1
YAVLLG_1104.6184,0,1
PDPSVLTLE_1727.8456,0,1
YTYDAFLSA_1452.6916,0,1
YTYDAFLSAA_1452.6916,0,1
TLSPT_1641.8624,0,1
AEDQLQQGQLHGEE_2229.0278,0,1
ENFYEDLY_1528.7446,0,1
HFYNP_2007.9576,0,1
HFYNPAQL_2007.9576,0,1
EQQQSQGQLQGQDVFEA_2534.2142,0,1
VWVDE_1557.7944,0,1
PDPSVLTLEN_1727.8472,0,1
DPSVLTLENS_1727.8472,0,1
AEDQLQQ_2229.0298,0,1
ENFYEDLYP_1528.7446,0,1
DPSVLTLEN_1727.8430,0,1
PSVLTLENS_1727.8430,0,1
AEDQLQQ_2229.0278,0,1
QLHGEE_2229.0278,0,1
LHGEE_2229.0286,0,1
YYEYLDYF_1330.5846,0,1
QFYQSGLFT_1578.7476,0,1
EQQQSQ_2534.2130,0,1
QLQGQDVFEA_2534.2130,0,1
MVCLQML_1584.7447,0,1
EDQLQQ_2229.0288,0,1
QLHGEE_2229.0288,0,1
LEALNSYSGF_1502.7380,0,1
QQSQGQLQGQDVFEA_2534.2122,0,1
DPSVLTLEN_1727.8462,0,1
EQQQSQGQLQGQDVFEA_2534.2144,0,1
LMYVA_1485.6975,0,1
FFSDVS_1741.7822,0,1
VFDLSPQEYLL_1450.7688,0,1
VFDLS_1450.7688,0,1
LVVHL_1555.9459,0,1
ADTVE_1748.8804,0,1
AEDQL_2229.0210,0,1
SACLMYVAASS_1485.6934,0,1
LYYVNLMALR_1428.7422,0,1
LEQQQSQGQLQGQDVFEA_2534.2118,0,1
TDWNQLWTLR_1532.7318,0,1
ADTVEDQTEQLLK_1748.8804,0,1
LVMPVP_1505.7265,0,1
LAEDQLQQGQLH_2229.0292,0,1
LEQQQSQGQLQGQDVFEA_2534.2102,0,1
TDWNQLWTLR_1532.7358,0,1
AEDQLQQGQLHGEE_2229.0234,0,1
EVDTTNLYY_2436.1426,0,1
LEQQQSQGQLQGQDVFEA_2534.2120,0,1
DPSVLTLEN_1727.8442,0,1
SACLMYVAA_1485.6934,0,1
LPSLWA_1655.8656,0,1
LEQQQSQGQLQGQDVFEA_2534.2146,0,1
TDWNQLWTLR_1532.7362,0,1
SACLMYVAAS_1485.6966,0,1
EDQLQQ_2229.0292,0,1
QLHGEE_2229.0292,0,1
LVMPVP_1505.7253,0,1
WVPSSK_1969.9802,0,1
LWVPSSK_1969.9802,0,1
LVATN_2098.0908,0,1
LGFSSLLF_1095.6080,0,1
QDVFEA_2534.2088,0,1
DVFEA_2534.2088,0,1
MVCLQMLSEAA_1584.7458,0,1
TDWNQLWTLR_1532.7350,0,1
DWNQLWTLR_1532.7350,0,1
QQSQGQLQGQDVFEA_2534.2088,0,1
EQQQSQGQLQGQDVFEA_2534.2088,0,1
LHGEE_2229.0310,0,1
LLSLSEQELVD_2104.0348,0,1
LLCLQMLSEA_1580.8042,0,1
VEEEYLFDA_1977.9324,0,1
LLCLQMLSEAA_1580.8042,0,1
LCLQMLSEAA_1580.8042,0,1
TLAEY_2262.0786,0,1
LQGQDVFEA_2534.2120,0,1
QLHGEE_2229.0286,0,1
QLQGQDVFEA_2534.2168,0,1
PFCLSTLNLLD_1835.9328,0,1
TLLNLY_1888.0034,0,1
LLNLY_1888.0034,0,1
DVFEA_2534.2132,0,1
AEDQLQQ_2229.0301,0,1
LHGEE_2229.0301,0,1
QLQGQDVFEA_2534.2092,0,1
TLLNLYS_1860.9922,0,1
ELVSS_1076.5290,0,1
QLQGQDVFEA_2534.2158,0,1
AEDQLQQ_2229.0292,0,1
GQDVFEA_2534.2158,0,1
AEDQLQQGQLHGEE_2229.0286,0,1
ELVSS_1076.5280,0,1
ELVSSC_1076.5280,0,1
LAQDL_898.4874,0,1
ELVSSCGVR_1076.5292,0,1
LHGEE_2229.0298,0,1
LAQDL_898.4870,0,1
AEDQLQQ_2229.0280,0,1
ELVSSC_1076.5282,0,1
LVSSC_1076.5280,0,1
QLHGEE_2229.0277,0,1
EDQLQQ_2229.0250,0,1
QLHGEE_2229.0250,0,1
QLHGEE_2229.0265,0,1
ELVSS_1076.5274,0,1
AEDQLQQGQLHGEE_2229.0250,0,1
ELVSSC_1076.5274,0,1
DPSVLTLEN_1727.8464,0,1
LHGEE_2229.0283,0,1
AEDQLQQ_2229.0250,0,1
AEDQLQQ_2229.0262,0,1
QLHGEE_2229.0262,0,1
LAQDL_898.4866,0,1
SVLTLE_1727.8452,0,1
PSVLTLE_1727.8452,0,1
QLHGEE_2229.0283,0,1
